BIRTHDAY ,CARD ,MERCURY,VENUS,MARS,JUPITER,SATURN,URANUS,NEPTUNE,,
January 1,K ♠,1/1,2/22,4/15,6/6,7/28,9/18,11/9,,
January 2,Q ♠,1/2,2/23,4/16,6/7,7/29,9/19,11/10,,
January 3, J ♠,1/3,2/24,4/17,6/8,7/30,9/20,11/11,,
January 4,10 ♠,1/4,2/25,4/18,6/9,7/31,9/21,11/12,,
January 5,9 ♠,1/5,2/26,4/19,6/10,8/1,9/22,11/13,,
January 6,8 ♠,1/6,2/27,4/20,6/11,8/2,9/23,11/14,,
January 7,7 ♠,1/7,2/28,4/21,6/12,8/3,9/24,11/15,,
January 8,6 ♠,1/8,3/1,4/22,6/13,8/4,9/25,11/16,,
January 9,5 ♠,1/9,3/2,4/23,6/14,8/5,9/26,11/17,,
January 10,4 ♠,1/10,3/3,4/24,6/15,8/6,9/27,11/18,,
January 11,3 ♠,1/11,3/4,4/25,6/16,8/7,9/28,11/19,,
January 12,2 ♠,1/12,3/5,4/26,6/17,8/8,9/29,11/20,,
January 13,A ♠,1/13,3/6,4/27,6/18,8/9,9/30,11/21,,
January 14,K ♦,1/14,3/7,4/28,6/19,8/10,10/1,11/22,,
January 15,Q ♦,1/15,3/8,4/29,6/20,8/11,10/2,11/23,,
January 16,J ♦,1/16,3/9,4/30,6/21,8/12,10/3,11/24,,
January 17,10 ♦,1/17,3/10,5/1,6/22,8/13,10/4,11/25,,
January 18,9 ♦,1/18,3/11,5/2,6/23,8/14,10/5,11/26,,
January 19,8 ♦,1/19,3/12,5/3,6/24,8/15,10/6,11/27,,
January 20,7 ♦,1/20,3/13,5/4,6/25,8/16,10/7,11/28,,
January 21,6 ♦,1/21,3/14,5/5,6/26,8/17,10/8,11/29,,
January 22,5 ♦,1/22,3/15,5/6,6/27,8/18,10/9,11/30,,
January 23,4 ♦,1/23,3/16,5/7,6/28,8/19,10/10,12/1,,
January 24,3 ♦,1/24,3/17,5/8,6/29,8/20,10/11,12/2,,
January 25,2 ♦,1/25,3/18,5/9,6/30,8/21,10/12,12/3,,
January 26,A ♣,1/26,3/19,5/10,7/1,8/22,10/13,12/4,,
January 27,K  ♣,1/27,3/20,5/11,7/2,8/23,10/14,12/5,,
January 28,Q ♣,1/28,3/21,5/12,7/3,8/24,10/15,12/6,,
January 29,J ♣,1/29,3/22,5/13,7/4,8/25,10/16,12/7,,
January 30,10 ♣,1/30,3/23,5/14,7/5,8/26,10/17,12/8,,
January 31,9 ♣,1/31,3/24,5/15,7/6,8/27,10/18,12/9,,
February 1,J ♠,2/1,3/25,5/16,7/7,8/28,10/19,12/10,,
February 2,10 ♠,2/2,3/26,5/17,7/8,8/29,10/20,12/11,,
February 3,9 ♠,2/3,3/27,5/18,7/9,8/30,10/21,12/12,,
February 4,8 ♠,2/4,3/28,5/19,7/10,8/31,10/22,12/13,,
February 5,7 ♠,2/5,3/29,5/20,7/11,9/1,10/23,12/14,,
February 6,6 ♠,2/6,3/30,5/21,7/12,9/2,10/24,12/15,,
February 7,5 ♠,2/7,3/31,5/22,7/13,9/3,10/25,12/16,,
February 8,4 ♠,2/8,4/1,5/23,7/14,9/4,10/26,12/17,,
February 9,3 ♠,2/9,4/2,5/24,7/15,9/5,10/27,12/18,,
February 10,2 ♠,2/10,4/3,5/25,7/16,9/6,10/28,12/19,,
February 11,A ♠,2/11,4/4,5/26,7/17,9/7,10/29,12/20,,
February 12,K ♦,2/12,4/5,5/27,7/18,9/8,10/30,12/21,,
February 13,Q ♦,2/13,4/6,5/28,7/19,9/9,10/31,12/22,,
February 14,J ♦,2/14,4/7,5/29,7/20,9/10,11/1,12/23,,
February 15,10 ♦,2/15,4/8,5/30,7/21,9/11,11/2,12/24,,
February 16,9 ♦,2/16,4/9,5/31,7/22,9/12,11/3,12/25,,
February 17,8 ♦,2/17,4/10,6/1,7/23,9/13,11/4,12/26,,
February 18,7 ♦,2/18,4/11,6/2,7/24,9/14,11/5,12/27,,
February 19,6 ♦,2/19,4/12,6/3,7/25,9/15,11/6,12/28,,
February 20,5 ♦,2/20,4/13,6/4,7/26,9/16,11/7,12/29,,
February 21,4 ♦,2/21,4/14,6/5,7/27,9/17,11/8,12/30,,
February 22,3 ♦,2/22,4/15,6/6,7/28,9/18,11/9,1/1,,
February 23,2 ♦,2/23,4/16,6/7,7/29,9/19,11/10,1/2,,
February 24,A ♦,2/24,4/17,6/8,7/30,9/20,11/11,1/3,,
February 25,K ♣,2/25,4/18,6/9,7/31,9/21,11/12,1/4,,
February 26,Q ♣,2/26,4/19,6/10,8/1,9/22,11/13,1/5,,
February 27,J ♣,2/27,4/20,6/11,8/2,9/23,11/14,1/6,,
February 28,10 ♣,2/28,4/21,6/12,8/3,9/24,11/15,1/7,,
February 29,9 ♣,2/1,4/21,6/12,8/3,9/24,11/15,1/7,,
March 1,9 ♠,3/1,4/22,6/13,8/4,9/25,11/16,1/8,,
March 2,8 ♠,3/2,4/23,6/14,8/5,9/26,11/17,1/9,,
March 3,7 ♠,3/3,4/24,6/15,8/6,9/27,11/18,1/10,,
March 4,6 ♠,3/4,4/25,6/16,8/7,9/28,11/19,1/11,,
March 5,5 ♠,3/5,4/26,6/17,8/8,9/29,11/20,1/12,,
March 6,4 ♠,3/6,4/27,6/18,8/9,9/30,11/21,1/13,,
March 7,3 ♠,3/7,4/28,6/19,8/10,10/1,11/22,1/14,,
March 8,2 ♠,3/8,4/29,6/20,8/11,10/2,11/23,1/15,,
March 9,A ♠,3/9,4/30,6/21,8/12,10/3,11/24,1/16,,
March 10,K ♦,3/10,5/1,6/22,8/13,10/4,11/25,1/17,,
March 11,Q ♦,3/11,5/2,6/23,8/14,10/5,11/26,1/18,,
March 12,J ♦,3/12,5/3,6/24,8/15,10/6,11/27,1/19,,
March 13,10 ♦,3/13,5/4,6/25,8/16,10/7,11/28,1/20,,
March 14,9 ♦,3/14,5/5,6/26,8/17,10/8,11/29,1/21,,
March 15,8 ♦,3/15,5/6,6/27,8/18,10/9,11/30,1/22,,
March 16,7 ♦,3/16,5/7,6/28,8/19,10/10,12/1,1/23,,
March 17,6 ♦,3/17,5/8,6/29,8/20,10/11,12/2,1/24,,
March 18,5 ♦,3/18,5/9,6/30,8/21,10/12,12/3,1/25,,
March 19,4 ♦,3/19,5/10,7/1,8/22,10/13,12/4,1/26,,
March 20,3 ♦,3/20,5/11,7/2,8/23,10/14,12/5,1/27,,
March 21,2 ♦,3/21,5/12,7/3,8/24,10/15,12/6,1/28,,
March 22,A ♦,3/22,5/13,7/4,8/25,10/16,12/7,1/29,,
March 23,K ♣,3/23,5/14,7/5,8/26,10/17,12/8,1/30,,
March 24,Q ♣,3/24,5/15,7/6,8/27,10/18,12/9,1/31,,
March 25,J ♣,3/25,5/16,7/7,8/28,10/19,12/10,2/1,,
March 26,10 ♣,3/26,5/17,7/8,8/29,10/20,12/11,2/2,,
March 27,9 ♣,3/27,5/18,7/9,8/30,10/21,12/12,2/3,,
March 28,8 ♣,3/28,5/19,7/10,8/31,10/22,12/13,2/4,,
March 29,7 ♣,3/29,5/20,7/11,9/1,10/23,12/14,2/5,,
March 30,6 ♣,3/30,5/21,7/12,9/2,10/24,12/15,2/6,,
March 31,5 ♣,3/31,5/22,7/13,9/3,10/25,12/16,2/7,,
April 1,7 ♠,4/1,5/23,7/14,9/4,10/26,12/17,2/8,,
April 2,6 ♠,4/2,5/24,7/15,9/5,10/27,12/18,2/9,,
April 3,5 ♠,4/3,5/25,7/16,9/6,10/28,12/19,2/10,,
April 4,4 ♠,4/4,5/26,7/17,9/7,10/29,12/20,2/11,,
April 5,3 ♠,4/5,5/27,7/18,9/8,10/30,12/21,2/12,,
April 6,2 ♠,4/6,5/28,7/19,9/9,10/31,12/22,2/13,,
April 7,A ♠,4/7,5/29,7/20,9/10,11/1,12/23,2/14,,
April 8,K ♦,4/8,5/30,7/21,9/11,11/2,12/24,2/15,,
April 9,Q ♦,4/9,5/31,7/22,9/12,11/3,12/25,2/16,,
April 10,J ♦,4/10,6/1,7/23,9/13,11/4,12/26,2/17,,
April 11,10 ♦,4/11,6/2,7/24,9/14,11/5,12/27,2/18,,
April 12,9 ♦,4/12,6/3,7/25,9/15,11/6,12/28,2/19,,
April 13,8 ♦,4/13,6/4,7/26,9/16,11/7,12/29,2/20,,
April 14,7 ♦,4/14,6/5,7/27,9/17,11/8,12/30,2/21,,
April 15,6 ♦,4/15,6/6,7/28,9/18,11/9,1/1,2/22,,
April 16,5 ♦,4/16,6/7,7/29,9/19,11/10,1/2,2/23,,
April 17,4 ♦,4/17,6/8,7/30,9/20,11/11,1/3,2/24,,
April 18,3 ♦,4/18,6/9,7/31,9/21,11/12,1/4,2/25,,
April 19,2 ♦,4/19,6/10,8/1,9/22,11/13,1/5,2/26,,
April 20,A ♦,4/20,6/11,8/2,9/23,11/14,1/6,2/27,,
April 21,K ♣,4/21,6/12,8/3,9/24,11/15,1/7,2/28,,
April 22,Q ♣,4/22,6/13,8/4,9/25,11/16,1/8,3/1,,
April 23,J ♣,4/23,6/14,8/5,9/26,11/17,1/9,3/2,,
April 24,10 ♣,4/24,6/15,8/6,9/27,11/18,1/10,3/3,,
April 25,9 ♣,4/25,6/16,8/7,9/28,11/19,1/11,3/4,,
April 26,8 ♣,4/26,6/17,8/8,9/29,11/20,1/12,3/5,,
April 27,7 ♣,4/27,6/18,8/9,9/30,11/21,1/13,3/6,,
April 28,6 ♣,4/28,6/19,8/10,10/1,11/22,1/14,3/7,,
April 29,5 ♣,4/29,6/20,8/11,10/2,11/23,1/15,3/8,,
April 30,4 ♣,4/30,6/21,8/12,10/3,11/24,1/16,3/9,,
May 1,5 ♠,5/1,6/22,8/13,10/4,11/25,1/17,3/10,,
May 2,4 ♠,5/2,6/23,8/14,10/5,11/26,1/18,3/11,,
May 3,3 ♠,5/3,6/24,8/15,10/6,11/27,1/19,3/12,,
May 4,2 ♠,5/4,6/25,8/16,10/7,11/28,1/20,3/13,,
May 5,A ♠,5/5,6/26,8/17,10/8,11/29,1/21,3/14,,
May 6,K ♦,5/6,6/27,8/18,10/9,11/30,1/22,3/15,,
May 7,Q ♦,5/7,6/28,8/19,10/10,12/1,1/23,3/16,,
May 8,J ♦,5/8,6/29,8/20,10/11,12/2,1/24,3/17,,
May 9,10 ♦,5/9,6/30,8/21,10/12,12/3,1/25,3/18,,
May 10,9 ♦,5/10,7/1,8/22,10/13,12/4,1/26,3/19,,
May 11,8 ♦,5/11,7/2,8/23,10/14,12/5,1/27,3/20,,
May 12,7 ♦,5/12,7/3,8/24,10/15,12/6,1/28,3/21,,
May 13,6 ♦,5/13,7/4,8/25,10/16,12/7,1/29,3/22,,
May 14,5 ♦,5/14,7/5,8/26,10/17,12/8,1/30,3/23,,
May 15,4 ♦,5/15,7/6,8/27,10/18,12/9,1/31,3/24,,
May 16,3 ♦,5/16,7/7,8/28,10/19,12/10,2/1,3/25,,
May 17,2 ♦,5/17,7/8,8/29,10/20,12/11,2/2,3/26,,
May 18,A ♦,5/18,7/9,8/30,10/21,12/12,2/3,3/27,,
May 19,K ♣,5/19,7/10,8/31,10/22,12/13,2/4,3/28,,
May 20,Q ♣,5/20,7/11,9/1,10/23,12/14,2/5,3/29,,
May 21,J ♣,5/21,7/12,9/2,10/24,12/15,2/6,3/30,,
May 22,10 ♣,5/22,7/13,9/3,10/25,12/16,2/7,3/31,,
May 23,9 ♣,5/23,7/14,9/4,10/26,12/17,2/8,4/1,,
May 24,8 ♣,5/24,7/15,9/5,10/27,12/18,2/9,4/2,,
May 25,7 ♣,5/25,7/16,9/6,10/28,12/19,2/10,4/3,,
May 26,6 ♣,5/26,7/17,9/7,10/29,12/20,2/11,4/4,,
May 27,5 ♣,5/27,7/18,9/8,10/30,12/21,2/12,4/5,,
May 28,4 ♣,5/28,7/19,9/9,10/31,12/22,2/13,4/6,,
May 29,3 ♣,5/29,7/20,9/10,11/1,12/23,2/14,4/7,,
May 30,2 ♣,5/30,7/21,9/11,11/2,12/24,2/15,4/8,,
May 31,A ♣,5/31,7/22,9/12,11/3,12/25,2/16,4/9,,
June 1,3 ♠,6/1,7/23,9/13,11/4,12/26,2/17,4/10,,
June 2,2 ♠,6/2,7/24,9/14,11/5,12/27,2/18,4/11,,
June 3,A ♠,6/3,7/25,9/15,11/6,12/28,2/19,4/12,,
June 4,K ♦,6/4,7/26,9/16,11/7,12/29,2/20,4/13,,
June 5,Q ♦,6/5,7/27,9/17,11/8,12/30,2/21,4/14,,
June 6,J ♦,6/6,7/28,9/18,11/9,1/1,2/22,4/15,,
June 7,10 ♦,6/7,7/29,9/19,11/10,1/2,2/23,4/16,,
June 8,9 ♦,6/8,7/30,9/20,11/11,1/3,2/24,4/17,,
June 9,8 ♦,6/9,7/31,9/21,11/12,1/4,2/25,4/18,,
June 10,7 ♦,6/10,8/1,9/22,11/13,1/5,2/26,4/19,,
June 11,6 ♦,6/11,8/2,9/23,11/14,1/6,2/27,4/20,,
June 12,5 ♦,6/12,8/3,9/24,11/15,1/7,2/28,4/21,,
June 13,4 ♦,6/13,8/4,9/25,11/16,1/8,3/1,4/22,,
June 14,3 ♦,6/14,8/5,9/26,11/17,1/9,3/2,4/23,,
June 15,2 ♦,6/15,8/6,9/27,11/18,1/10,3/3,4/24,,
June 16,A ♦,6/16,8/7,9/28,11/19,1/11,3/4,4/25,,
June 17,K ♣,6/17,8/8,9/29,11/20,1/12,3/5,4/26,,
June 18,Q ♣,6/18,8/9,9/30,11/21,1/13,3/6,4/27,,
June 19,J ♣,6/19,8/10,10/1,11/22,1/14,3/7,4/28,,
June 20,10 ♣,6/20,8/11,10/2,11/23,1/15,3/8,4/29,,
June 21,9 ♣,6/21,8/12,10/3,11/24,1/16,3/9,4/30,,
June 22,8 ♣,6/22,8/13,10/4,11/25,1/17,3/10,5/1,,
June 23,7 ♣,6/23,8/14,10/5,11/26,1/18,3/11,5/2,,
June 24,6 ♣,6/24,8/15,10/6,11/27,1/19,3/12,5/3,,
June 25,5 ♣,6/25,8/16,10/7,11/28,1/20,3/13,5/4,,
June 26,4 ♣,6/26,8/17,10/8,11/29,1/21,3/14,5/5,,
June 27,3 ♣,6/27,8/18,10/9,11/30,1/22,3/15,5/6,,
June 28,2 ♣,6/28,8/19,10/10,12/1,1/23,3/16,5/7,,
June 29,A ♣,6/29,8/20,10/11,12/2,1/24,3/17,5/8,,
June 30,K  ♥,6/30,8/21,10/12,12/3,1/25,3/18,5/9,,
July 1,A ♠,7/1,8/22,10/13,12/4,1/26,3/19,5/10,,
July 2,K ♦,7/2,8/23,10/14,12/5,1/27,3/20,5/11,,
July 3,Q ♦,7/3,8/24,10/15,12/6,1/28,3/21,5/12,,
July 4,J ♦,7/4,8/25,10/16,12/7,1/29,3/22,5/13,,
July 5,10 ♦,7/5,8/26,10/17,12/8,1/30,3/23,5/14,,
July 6,9 ♦,7/6,8/27,10/18,12/9,1/31,3/24,5/15,,
July 7,8 ♦,7/7,8/28,10/19,12/10,2/1,3/25,5/16,,
July 8,7 ♦,7/8,8/29,10/20,12/11,2/2,3/26,5/17,,
July 9,6 ♦,7/9,8/30,10/21,12/12,2/3,3/27,5/18,,
July 10,5 ♦,7/10,8/31,10/22,12/13,2/4,3/28,5/19,,
July 11,4 ♦,7/11,9/1,10/23,12/14,2/5,3/29,5/20,,
July 12,3 ♦,7/12,9/2,10/24,12/15,2/6,3/30,5/21,,
July 13,2 ♦,7/13,9/3,10/25,12/16,2/7,3/31,5/22,,
July 14,A ♦,7/14,9/4,10/26,12/17,2/8,4/1,5/23,,
July 15,K ♣,7/15,9/5,10/27,12/18,2/9,4/2,5/24,,
July 16,Q ♣,7/16,9/6,10/28,12/19,2/10,4/3,5/25,,
July 17,J ♣,7/17,9/7,10/29,12/20,2/11,4/4,5/26,,
July 18,10 ♣,7/18,9/8,10/30,12/21,2/12,4/5,5/27,,
July 19,9 ♣,7/19,9/9,10/31,12/22,2/13,4/6,5/28,,
July 20,8 ♣,7/20,9/10,11/1,12/23,2/14,4/7,5/29,,
July 21,7 ♣,7/21,9/11,11/2,12/24,2/15,4/8,5/30,,
July 22,6 ♣,7/22,9/12,11/3,12/25,2/16,4/9,5/31,,
July 23,5 ♣,7/23,9/13,11/4,12/26,2/17,4/10,6/1,,
July 24,4 ♣,7/24,9/14,11/5,12/27,2/18,4/11,6/2,,
July 25,3 ♣,7/25,9/15,11/6,12/28,2/19,4/12,6/3,,
July 26,2 ♣,7/26,9/16,11/7,12/29,2/20,4/13,6/4,,
July 27,A ♣,7/27,9/17,11/8,12/30,2/21,4/14,6/5,,
July 28,K ♥,7/28,9/18,11/9,1/1,2/22,4/15,6/6,,
July 29,Q ♥,7/29,9/19,11/10,1/2,2/23,4/16,6/7,,
July 30,J ♥,7/30,9/20,11/11,1/3,2/24,4/17,6/8,,
July 31,10 ♥,7/31,9/21,11/12,1/4,2/25,4/18,6/9,,
August 1,Q ♦,8/1,9/22,11/13,1/5,2/26,4/19,6/10,,
August 2,J ♦,8/2,9/23,11/14,1/6,2/27,4/20,6/11,,
August 3,10 ♦,8/3,9/24,11/15,1/7,2/28,4/21,6/12,,
August 4,9 ♦,8/4,9/25,11/16,1/8,3/1,4/22,6/13,,
August 5,8 ♦,8/5,9/26,11/17,1/9,3/2,4/23,6/14,,
August 6,7 ♦,8/6,9/27,11/18,1/10,3/3,4/24,6/15,,
August 7,6 ♦,8/7,9/28,11/19,1/11,3/4,4/25,6/16,,
August 8,5 ♦,8/8,9/29,11/20,1/12,3/5,4/26,6/17,,
August 9,4 ♦,8/9,9/30,11/21,1/13,3/6,4/27,6/18,,
August 10,3 ♦,8/10,10/1,11/22,1/14,3/7,4/28,6/19,,
August 11,2 ♦,8/11,10/2,11/23,1/15,3/8,4/29,6/20,,
August 12,A ♦,8/12,10/3,11/24,1/16,3/9,4/30,6/21,,
August 13,K ♣,8/13,10/4,11/25,1/17,3/10,5/1,6/22,,
August 14,Q ♣,8/14,10/5,11/26,1/18,3/11,5/2,6/23,,
August 15,J ♣,8/15,10/6,11/27,1/19,3/12,5/3,6/24,,
August 16,10 ♣,8/16,10/7,11/28,1/20,3/13,5/4,6/25,,
August 17,9 ♣,8/17,10/8,11/29,1/21,3/14,5/5,6/26,,
August 18,8 ♣,8/18,10/9,11/30,1/22,3/15,5/6,6/27,,
August 19,7 ♣,8/19,10/10,12/1,1/23,3/16,5/7,6/28,,
August 20,6 ♣,8/20,10/11,12/2,1/24,3/17,5/8,6/29,,
August 21,5 ♣,8/21,10/12,12/3,1/25,3/18,5/9,6/30,,
August 22,4 ♣,8/22,10/13,12/4,1/26,3/19,5/10,7/1,,
August 23,3 ♣,8/23,10/14,12/5,1/27,3/20,5/11,7/2,,
August 24,2 ♣,8/24,10/15,12/6,1/28,3/21,5/12,7/3,,
August 25,A ♣,8/25,10/16,12/7,1/29,3/22,5/13,7/4,,
August 26,K ♥,8/26,10/17,12/8,1/30,3/23,5/14,7/5,,
August 27,Q ♥,8/27,10/18,12/9,1/31,3/24,5/15,7/6,,
August 28,J ♥,8/28,10/19,12/10,2/1,3/25,5/16,7/7,,
August 29,10 ♥,8/29,10/20,12/11,2/2,3/26,5/17,7/8,,
August 30,9 ♥,8/30,10/21,12/12,2/3,3/27,5/18,7/9,,
August 31,8 ♥,8/31,10/22,12/13,2/4,3/28,5/19,7/10,,
September 1,10 ♦,9/1,10/23,12/14,2/5,3/29,5/20,7/11,,
September 2,9 ♦,9/2,10/24,12/15,2/6,3/30,5/21,7/12,,
September 3,8 ♦,9/3,10/25,12/16,2/7,3/31,5/22,7/13,,
September 4,7 ♦,9/4,10/26,12/17,2/8,4/1,5/23,7/14,,
September 5,6 ♦,9/5,10/27,12/18,2/9,4/2,5/24,7/15,,
September 6,5 ♦,9/6,10/28,12/19,2/10,4/3,5/25,7/16,,
September 7,4  ♦,9/7,10/29,12/20,2/11,4/4,5/26,7/17,,
September 8,3 ♦,9/8,10/30,12/21,2/12,4/5,5/27,7/18,,
September 9,2 ♦,9/9,10/31,12/22,2/13,4/6,5/28,7/19,,
September 10,A ♦,9/10,11/1,12/23,2/14,4/7,5/29,7/20,,
September 11,K ♣,9/11,11/2,12/24,2/15,4/8,5/30,7/21,,
September 12,Q ♣,9/12,11/3,12/25,2/16,4/9,5/31,7/22,,
September 13,J ♣,9/13,11/4,12/26,2/17,4/10,6/1,7/23,,
September 14,10 ♣,9/14,11/5,12/27,2/18,4/11,6/2,7/24,,
September 15,9 ♣,9/15,11/6,12/28,2/19,4/12,6/3,7/25,,
September 16,8 ♣,9/16,11/7,12/29,2/20,4/13,6/4,7/26,,
September 17,7 ♣,9/17,11/8,12/30,2/21,4/14,6/5,7/27,,
September 18,6 ♣,9/18,11/9,1/1,2/22,4/15,6/6,7/28,,
September 19,5 ♣,9/19,11/10,1/2,2/23,4/16,6/7,7/29,,
September 20,4 ♣,9/20,11/11,1/3,2/24,4/17,6/8,7/30,,
September 21,3 ♣,9/21,11/12,1/4,2/25,4/18,6/9,7/31,,
September 22,2 ♣,9/22,11/13,1/5,2/26,4/19,6/10,8/1,,
September 23,A ♣,9/23,11/14,1/6,2/27,4/20,6/11,8/2,,
September 24,K ♥,9/24,11/15,1/7,2/28,4/21,6/12,8/3,,
September 25,Q ♥,9/25,11/16,1/8,3/1,4/22,6/13,8/4,,
September 26,J ♥,9/26,11/17,1/9,3/2,4/23,6/14,8/5,,
September 27,10 ♥,9/27,11/18,1/10,3/3,4/24,6/15,8/6,,
September 28,9 ♥,9/28,11/19,1/11,3/4,4/25,6/16,8/7,,
September 29,8 ♥,9/29,11/20,1/12,3/5,4/26,6/17,8/8,,
September 30,7 ♥,9/30,11/21,1/13,3/6,4/27,6/18,8/9,,
October 1,8 ♦,10/1,11/22,1/14,3/7,4/28,6/19,8/10,,
October 2,7 ♦,10/2,11/23,1/15,3/8,4/29,6/20,8/11,,
October 3,6 ♦,10/3,11/24,1/16,3/9,4/30,6/21,8/12,,
October 4,5 ♦,10/4,11/25,1/17,3/10,5/1,6/22,8/13,,
October 5,4 ♦,10/5,11/26,1/18,3/11,5/2,6/23,8/14,,
October 6,3 ♦,10/6,11/27,1/19,3/12,5/3,6/24,8/15,,
October 7,2 ♦,10/7,11/28,1/20,3/13,5/4,6/25,8/16,,
October 8,A ♦,10/8,11/29,1/21,3/14,5/5,6/26,8/17,,
October 9,K ♣,10/9,11/30,1/22,3/15,5/6,6/27,8/18,,
October 10,Q ♣,10/10,12/1,1/23,3/16,5/7,6/28,8/19,,
October 11,J ♣,10/11,12/2,1/24,3/17,5/8,6/29,8/20,,
October 12,10 ♣,10/12,12/3,1/25,3/18,5/9,6/30,8/21,,
October 13,9 ♣,10/13,12/4,1/26,3/19,5/10,7/1,8/22,,
October 14,8 ♣,10/14,12/5,1/27,3/20,5/11,7/2,8/23,,
October 15,7 ♣,10/15,12/6,1/28,3/21,5/12,7/3,8/24,,
October 16,6 ♣,10/16,12/7,1/29,3/22,5/13,7/4,8/25,,
October 17,5 ♣,10/17,12/8,1/30,3/23,5/14,7/5,8/26,,
October 18,4 ♣,10/18,12/9,1/31,3/24,5/15,7/6,8/27,,
October 19,3 ♣,10/19,12/10,2/1,3/25,5/16,7/7,8/28,,
October 20,2 ♣,10/20,12/11,2/2,3/26,5/17,7/8,8/29,,
October 21,A ♣,10/21,12/12,2/3,3/27,5/18,7/9,8/30,,
October 22,K ♥,10/22,12/13,2/4,3/28,5/19,7/10,8/31,,
October 23,Q ♥,10/23,12/14,2/5,3/29,5/20,7/11,9/1,,
October 24,J ♥,10/24,12/15,2/6,3/30,5/21,7/12,9/2,,
October 25,10 ♥,10/25,12/16,2/7,3/31,5/22,7/13,9/3,,
October 26,9 ♥,10/26,12/17,2/8,4/1,5/23,7/14,9/4,,
October 27,8 ♥,10/27,12/18,2/9,4/2,5/24,7/15,9/5,,
October 28,7 ♥,10/28,12/19,2/10,4/3,5/25,7/16,9/6,,
October 29,6 ♥,10/29,12/20,2/11,4/4,5/26,7/17,9/7,,
October 30,5 ♥,10/30,12/21,2/12,4/5,5/27,7/18,9/8,,
October 31,4 ♥,10/31,12/22,2/13,4/6,5/28,7/19,9/9,,
November 1,6 ♦,11/1,12/23,2/14,4/7,5/29,7/20,9/10,,
November 2,5 ♦,11/2,12/24,2/15,4/8,5/30,7/21,9/11,,
November 3,4 ♦,11/3,12/25,2/16,4/9,5/31,7/22,9/12,,
November 4,3 ♦,11/4,12/26,2/17,4/10,6/1,7/23,9/13,,
November 5,2 ♦,11/5,12/27,2/18,4/11,6/2,7/24,9/14,,
November 6,A ♦,11/6,12/28,2/19,4/12,6/3,7/25,9/15,,
November 7,K ♣,11/7,12/29,2/20,4/13,6/4,7/26,9/16,,
November 8,Q ♣,11/8,12/30,2/21,4/14,6/5,7/27,9/17,,
November 9,J ♣,11/9,1/1,2/22,4/15,6/6,7/28,9/18,,
November 10,10 ♣,11/10,1/2,2/23,4/16,6/7,7/29,9/19,,
November 11,9 ♣,11/11,1/3,2/24,4/17,6/8,7/30,9/20,,
November 12,8 ♣,11/12,1/4,2/25,4/18,6/9,7/31,9/21,,
November 13,7 ♣,11/13,1/5,2/26,4/19,6/10,8/1,9/22,,
November 14,6 ♣,11/14,1/6,2/27,4/20,6/11,8/2,9/23,,
November 15,5 ♣,11/15,1/7,2/28,4/21,6/12,8/3,9/24,,
November 16,4 ♣,11/16,1/8,3/1,4/22,6/13,8/4,9/25,,
November 17,3 ♣,11/17,1/9,3/2,4/23,6/14,8/5,9/26,,
November 18,2 ♣,11/18,1/10,3/3,4/24,6/15,8/6,9/27,,
November 19,A ♣,11/19,1/11,3/4,4/25,6/16,8/7,9/28,,
November 20,K ♥,11/20,1/12,3/5,4/26,6/17,8/8,9/29,,
November 21,Q ♥,11/21,1/13,3/6,4/27,6/18,8/9,9/30,,
November 22,J ♥,11/22,1/14,3/7,4/28,6/19,8/10,10/1,,
November 23,10 ♥,11/23,1/15,3/8,4/29,6/20,8/11,10/2,,
November 24,9 ♥,11/24,1/16,3/9,4/30,6/21,8/12,10/3,,
November 25,8 ♥,11/25,1/17,3/10,5/1,6/22,8/13,10/4,,
November 26,7 ♥,11/26,1/18,3/11,5/2,6/23,8/14,10/5,,
November 27,6 ♥,11/27,1/19,3/12,5/3,6/24,8/15,10/6,,
November 28,5 ♥,11/28,1/20,3/13,5/4,6/25,8/16,10/7,,
November 29,4 ♥,11/29,1/21,3/14,5/5,6/26,8/17,10/8,,
November 30,3 ♥,11/30,1/22,3/15,5/6,6/27,8/18,10/9,,
December 1,4 ♦,12/1,1/23,3/16,5/7,6/28,8/19,10/10,,
December 2,3 ♦,12/2,1/24,3/17,5/8,6/29,8/20,10/11,,
December 3,2 ♦,12/3,1/25,3/18,5/9,6/30,8/21,10/12,,
December 4,A ♦,12/4,1/26,3/19,5/10,7/1,8/22,10/13,,
December 5,K  ♣,12/5,1/27,3/20,5/11,7/2,8/23,10/14,,
December 6,Q ♣,12/6,1/28,3/21,5/12,7/3,8/24,10/15,,
December 7,J ♣,12/7,1/29,3/22,5/13,7/4,8/25,10/16,,
December 8,10 ♣,12/8,1/30,3/23,5/14,7/5,8/26,10/17,,
December 9,9 ♣,12/9,1/31,3/24,5/15,7/6,8/27,10/18,,
December 10,8 ♣,12/10,2/1,3/25,5/16,7/7,8/28,10/19,,
December 11,7 ♣,12/11,2/2,3/26,5/17,7/8,8/29,10/20,,
December 12,6 ♣,12/12,2/3,3/27,5/18,7/9,8/30,10/21,,
December 13,5 ♣,12/13,2/4,3/28,5/19,7/10,8/31,10/22,,
December 14,4 ♣,12/14,2/5,3/29,5/20,7/11,9/1,10/23,,
December 15,3 ♣,12/15,2/6,3/30,5/21,7/12,9/2,10/24,,
December 16,2 ♣,12/16,2/7,3/31,5/22,7/13,9/3,10/25,,
December 17,A ♣,12/17,2/8,4/1,5/23,7/14,9/4,10/26,,
December 18,K ♥,12/18,2/9,4/2,5/24,7/15,9/5,10/27,,
December 19,Q ♥,12/19,2/10,4/3,5/25,7/16,9/6,10/28,,
December 20,J ♥,12/20,2/11,4/4,5/26,7/17,9/7,10/29,,
December 21,10 ♥,12/21,2/12,4/5,5/27,7/18,9/8,10/30,,
December 22,9 ♥,12/22,2/13,4/6,5/28,7/19,9/9,10/31,,
December 23,8 ♥,12/23,2/14,4/7,5/29,7/20,9/10,11/1,,
December 24,7 ♥,12/24,2/15,4/8,5/30,7/21,9/11,11/2,,
December 25,6 ♥,12/25,2/16,4/9,5/31,7/22,9/12,11/3,,
December 26,5 ♥,12/26,2/17,4/10,6/1,7/23,9/13,11/4,,
December 27,4 ♥,12/27,2/18,4/11,6/2,7/24,9/14,11/5,,
December 28,3 ♥,12/28,2/19,4/12,6/3,7/25,9/15,11/6,,
December 29,2 ♥,12/29,2/20,4/13,6/4,7/26,9/16,11/7,,
December 30,A ♥,12/30,2/21,4/14,6/5,7/27,9/17,11/8,,
December 31,🎭,Joker,No,Forecast,,,,,,
,,,,,,,,,,
,,,,,,,,,,